,DecisionTree,KNN,Naive Bayes,Perceptron,Reseau de Neurone
two_gaussians,0.447,0.981,0.983,0.251816,0.982
four_gaussians,0.47,0.953,0.485,0.26232,0.951
hyperbolic2,0.666652367879,1.0,0.997340425532,0.0563704375975,1.0
concentric2,0.702380952381,0.988095238095,0.983333333333,0.0807596371882,0.991666666667
echequier,0.5095,0.889,0.4955,0.255532,0.4975
