,DecisionTree,KNN,Naive Bayes,Perceptron,Reseau de Neurone
Titanic data,0.616151866152,0.712485923423,0.765393741956,0.543781784555,0.382782335907
