,DecisionTree,KNN,Naive Bayes,Perceptron
two_gaussians,0.459,0.977,0.982,0.25308
four_gaussians,0.468,0.947,0.475,0.258336
hyperbolic2,0.666695264242,1.0,0.997340425532,0.158899991238
concentric2,0.702380952381,0.991666666667,0.983333333333,0.0714172335601
echequier,0.5095,0.894,0.488,0.24486
